I,R,P,O,D
"MOOZICO Multi Color Oil Brush - Basting Brush - Silicone Oil Brush - Perfect for BBQ, Grilling, Baking, Cooking, Glazing (Pack of 4) Silicon Flat Pastry Brush",4,₹170,₹399,57% off
AHANA TRADER 1gm to 10kg Electronic Kitchen Weighing Scale (White) Weighing Scale,3.9,₹379,₹599,36% off
"Bekner Measuring Cup Spoon Set-8,spatula brush Measuring Cup Set",4,₹208,₹499,58% off
Amos Cupcake/Muffin Mould,4.1,₹141,₹249,43% off
FLYNGO Portable Electronic Kitchen Weighing Scale with Digital LED Display(0 to 10kg) Weighing Scale,3.9,₹379,₹599,36% off
India Prima Shopee SF400 Weighing Scale,3.9,₹379,₹899,57% off
"CherryBox Silicone Spatula and Pastry Brush Set Special for Cake Mixer, Cooking, Baking, Glazing Silicon Flat Pastry Brush",3.5,₹109,₹399,72% off
Amos Chocolate Mould,3.9,₹122,₹299,59% off
Raienterprises Cooling Kitchin Ultra Silicone Flat Pastry Brush (Multicolor) Silicon Flat Pastry Brush,3.5,₹109,₹499,78% off
BUYWELL SF-400 Kitchen Digital Scale 10kg Medicine Weight Electronic Micro-Computer Controlling Weighing Scale,3.9,₹379,₹699,45% off
"Femora Borosilicate Glass Rectangular Dish With Handle 1600 ml, 1 Year Warranty Baking Dish",4.4,₹593,₹625,5% off
SELVES High Quality Electronic Digital Professional Mini Scale A100 Weighing Scale,4,₹360,₹999,63% off
Mohini steels Multi-Purpose Roaster(Barbeque Jali) 1 kg Roaster,3.7,₹175,₹297,41% off
KANHA CREATION SILICONE Flat Pastry Brush,3.7,₹109,₹299,63% off
Krivish Oil Cooking Brush Silicon Flat Pastry Brush,3.9,₹112,₹249,55% off
"deepak Pastry Brush Baking Bake Cake Pastry Bread Oil Cream Cooking Basting Tools Kitchen Silicone, Plastic Flat Pastry Brush (Pack of 1) Silicon Flat Pastry Brush",3.5,₹109,₹199,45% off
Krivish Cooking Brush Silicone Flat Pastry Brush,3.7,₹94,₹199,52% off
Amos Cake Mould,3.9,₹332,₹399,16% off
"VARSHA INDOTECH SALES Silicon Oil Cooking Brush for Grilling, Tandoor and BBQ silicone Flat Pastry Brush",3.9,₹99,₹499,80% off
Milestouch Exim Silicon 100% Food grade Flat Pastry Brush,3.9,₹113,₹380,70% off
evershinegifts roti jali papad roaster jali paneer tandoor Jali 0.5 kg Roaster,3.7,₹184,₹453,59% off
Kruvad Roster Roti Papad Chapati Toast brinjal Chicken paneer tandoor (baingan) Wooden Handle Stainless Steel net Roaster (Square & Round) 5 kg Roaster,4.2,₹236,₹999,76% off
futurestyle Silicon Flat Pastry Brush Silicon Flat Pastry Brush,3.9,₹99,₹499,80% off
"JMT Flat Oiling, Buttering Cooking Brush Large Size Silicone Flat Pastry Brush",3.9,₹171,₹655,73% off
deepak Brush/Flat Pastry Brush/Non-Stick Cooking & Baking Flat Pastry Brush Oil Brush Kitchen Silicon Oil Tool Silicon Flat Pastry Brush Silicon Flat Pastry Brush,3.7,₹109,₹399,72% off
Uniqueshop Barbeque Jali Roti Roast Grill Papad Roaster Chapati Toast Grill Wooden Handle Paneer Tandoor Net 1 kg Roaster,3.6,₹103,₹294,64% off
Hitsware Chocolate Mould,3.8,₹346,₹999,65% off
Renberg Cake Mould,4.7,₹329,₹525,37% off
Hitsware Chocolate Mould,4.1,₹524,"₹1,149",54% off
"Aika PASTRY BRUSHES SILICON Flat Pastry Brush silicon, handle material fibre Flat Pastry Brush SILICONE Flat Pastry Brush",3.7,₹131,₹199,34% off
megalink Oil Cooking Baking Silicone Spatula and Pastry Brush Set for Cooking Multicolour silicon Flat Pastry Brush (Pack of 1) silicon Flat Pastry Brush,3.6,₹132,₹151,12% off
RAJA Kitchen Weighing Scale,3.6,"₹2,089","₹4,599",54% off
Raienterprises Kitchen Food Grade Heat Resistant Silicone Basting Brush Silicon Flat Pastry Brush,3.8,₹113,₹399,71% off
"Raienterprises Cooling Kitchin Roti Brush Silicone Spatula Brush Set - For Cake Mixer, Decorating, Cooking, Baking, Glazing silicon Flat Pastry Brush (Multicolor) Silicon Flat Pastry Brush",3.5,₹109,₹499,78% off
the jhon baker Cupcake/Muffin Mould,4,₹133,₹499,73% off
"Femora Borosilicate Rectangular Baking Dish 1000 ml, 1 Year Warranty Baking Dish",4.3,₹522,₹550,5% off
Amos Chocolate Mould,4.1,₹299,₹799,62% off
Careforyou Round Papad Chapati Roti Grill Jali gas Roaster 0.5 kg Roaster,3.5,₹140,₹249,43% off
"NINGALA ENTERPRISE Combo of Silicone Basting Brush and Spatula. These Products are used for Spreading Butter And Oil on Food. It's silicon blade wont stain. It Does Not Absorb Smell and Specially designed to handle non-stick cookware. This spatula has a acrylic Handle for a Steady Grip and long durability. Silicone Spatula and Pastry Brush Set Is Ideal For Scraping, Basting, Barbecues, Party Pies, Quiches, Tarts, Small Cakes or any Similar Uses. Made From Good Quality Silicone Material, Nonstick, Reusable, Dishwasher Safe. Silicone Flat Pastry Brush",4.3,₹76,₹699,89% off
Probeatz Electronic Kitchen Digital Weighing Scale Weighing Scale,3.8,₹379,"₹1,249",69% off
"MOOZICO Multi Color Oil Brush - Basting Brush - Silicone Oil Brush - Perfect for BBQ, Grilling, Baking, Cooking, Glazing (Pack of 4) Silicon Flat Pastry Brush",4,₹170,₹399,57% off
AHANA TRADER 1gm to 10kg Electronic Kitchen Weighing Scale (White) Weighing Scale,3.9,₹379,₹599,36% off
buyerchoice Kitchen Scale Balance Multi-purpose weight measuring machine Weighing Scale Weighing Scale,3.9,₹379,₹599,36% off
"Bekner Measuring Cup Spoon Set-8,spatula brush Measuring Cup Set",4,₹208,₹499,58% off
Amos Cupcake/Muffin Mould,4.1,₹141,₹249,43% off
FLYNGO Portable Electronic Kitchen Weighing Scale with Digital LED Display(0 to 10kg) Weighing Scale,3.9,₹379,₹599,36% off
India Prima Shopee SF400 Weighing Scale,3.9,₹379,₹899,57% off
"aanya SET-OF-3 PASTRY BRUSHES SILICON Flat Pastry Brush (Pack of 3) silicon, handle material fibre Flat Pastry Brush",3.9,₹130,₹299,56% off
NATURALMART Bread Mould,4.2,₹189,"₹1,200",84% off
"CherryBox Silicone Spatula and Pastry Brush Set Special for Cake Mixer, Cooking, Baking, Glazing Silicon Flat Pastry Brush",3.5,₹109,₹399,72% off
miRim Silicone Non-Stick Spatula and Brush with Plastic Handle Silicon Flat Pastry Brush,3.7,₹109,₹499,78% off
Jubilant Non Stick Carbon Steel Baking Tray (Black) Bread Mould,4.4,₹189,₹699,72% off
Amos Chocolate Mould,3.9,₹122,₹299,59% off
deepak Silicon Oil o Silicon Flat Pastry Brush,3.4,₹109,₹499,78% off
Raienterprises Cooling Kitchin Ultra Silicone Flat Pastry Brush (Multicolor) Silicon Flat Pastry Brush,3.6,₹109,₹499,78% off
BUYWELL SF-400 Kitchen Digital Scale 10kg Medicine Weight Electronic Micro-Computer Controlling Weighing Scale,3.9,₹379,₹699,45% off
"Femora Borosilicate Glass Rectangular Dish With Handle 1600 ml, 1 Year Warranty Baking Dish",4.4,₹593,₹625,5% off
iStuff silicon oil brush Silicon Flat Pastry Brush,3.9,₹94,₹199,52% off
SELVES High Quality Electronic Digital Professional Mini Scale A100 Weighing Scale,4,₹360,₹999,63% off
Mohini steels Multi-Purpose Roaster(Barbeque Jali) 1 kg Roaster,3.7,₹175,₹297,41% off
KANHA CREATION SILICONE Flat Pastry Brush,3.7,₹109,₹299,63% off
Krivish Oil Cooking Brush Silicon Flat Pastry Brush,3.9,₹112,₹249,55% off
"deepak Pastry Brush Baking Bake Cake Pastry Bread Oil Cream Cooking Basting Tools Kitchen Silicone, Plastic Flat Pastry Brush (Pack of 1) Silicon Flat Pastry Brush",3.5,₹109,₹199,45% off
Krivish Cooking Brush Silicone Flat Pastry Brush,3.7,₹94,₹199,52% off
Amos Cake Mould,3.9,₹332,₹399,16% off
"VARSHA INDOTECH SALES Silicon Oil Cooking Brush for Grilling, Tandoor and BBQ silicone Flat Pastry Brush",3.9,₹99,₹499,80% off
Milestouch Exim Silicon 100% Food grade Flat Pastry Brush,3.9,₹113,₹380,70% off
evershinegifts roti jali papad roaster jali paneer tandoor Jali 0.5 kg Roaster,3.7,₹184,₹453,59% off
Kruvad Roster Roti Papad Chapati Toast brinjal Chicken paneer tandoor (baingan) Wooden Handle Stainless Steel net Roaster (Square & Round) 5 kg Roaster,4.2,₹236,₹999,76% off
futurestyle Silicon Flat Pastry Brush Silicon Flat Pastry Brush,3.9,₹99,₹499,80% off
"JMT Flat Oiling, Buttering Cooking Brush Large Size Silicone Flat Pastry Brush",3.9,₹171,₹655,73% off
deepak Brush/Flat Pastry Brush/Non-Stick Cooking & Baking Flat Pastry Brush Oil Brush Kitchen Silicon Oil Tool Silicon Flat Pastry Brush Silicon Flat Pastry Brush,3.7,₹109,₹399,72% off
Uniqueshop Barbeque Jali Roti Roast Grill Papad Roaster Chapati Toast Grill Wooden Handle Paneer Tandoor Net 1 kg Roaster,3.6,₹103,₹294,64% off
Hitsware Chocolate Mould,3.7,₹346,₹999,65% off
Renberg Cake Mould,4.6,₹329,₹525,37% off
Hitsware Chocolate Mould,4.1,₹524,"₹1,149",54% off
"Aika PASTRY BRUSHES SILICON Flat Pastry Brush silicon, handle material fibre Flat Pastry Brush SILICONE Flat Pastry Brush",3.7,₹131,₹199,34% off
megalink Oil Cooking Baking Silicone Spatula and Pastry Brush Set for Cooking Multicolour silicon Flat Pastry Brush (Pack of 1) silicon Flat Pastry Brush,3.6,₹132,₹151,12% off
"Grizzly High Quality Weighing Machine For Kitchen With LED Light, Digital Electronic Weight Scale 5 Kg Weighing Scale",3.7,₹379,₹599,36% off
RAJA Kitchen Weighing Scale,3.6,"₹2,089","₹4,599",54% off
"evershinegifts Stainless Steel Roaster Papad Jali, Pizza, Barbecue Grill 0.5 kg Roaster",3.7,₹133,₹599,77% off
Raienterprises Kitchen Food Grade Heat Resistant Silicone Basting Brush Silicon Flat Pastry Brush,3.8,₹113,₹399,71% off
"Raienterprises Cooling Kitchin Roti Brush Silicone Spatula Brush Set - For Cake Mixer, Decorating, Cooking, Baking, Glazing silicon Flat Pastry Brush (Multicolor) Silicon Flat Pastry Brush",3.5,₹109,₹499,78% off
the jhon baker Cupcake/Muffin Mould,4,₹133,₹499,73% off
"Femora Borosilicate Rectangular Baking Dish 1000 ml, 1 Year Warranty Baking Dish",4.3,₹522,₹550,5% off
Amos Chocolate Mould,3.5,₹299,₹799,62% off
ecstasy Electronic Kitchen DigitaL 10 Kg Weight Measure Liquids Flour Weighing Scale,3.8,₹379,"₹1,899",80% off
"Nika Electronic Kitchen Digital Weighing Scale 10 Kg Weight Measure Liquids Flour,White Weighing Scale",4.1,₹379,₹799,52% off
Careforyou Round Papad Chapati Roti Grill Jali gas Roaster 0.5 kg Roaster,3.5,₹140,₹249,43% off
"NINGALA ENTERPRISE Combo of Silicone Basting Brush and Spatula. These Products are used for Spreading Butter And Oil on Food. It's silicon blade wont stain. It Does Not Absorb Smell and Specially designed to handle non-stick cookware. This spatula has a acrylic Handle for a Steady Grip and long durability. Silicone Spatula and Pastry Brush Set Is Ideal For Scraping, Basting, Barbecues, Party Pies, Quiches, Tarts, Small Cakes or any Similar Uses. Made From Good Quality Silicone Material, Nonstick, Reusable, Dishwasher Safe. Silicone Flat Pastry Brush",4.3,₹76,₹699,89% off
Femora Borosilicate Glass Oval Backing Dish Microwave Safe - (1600 ML) Baking Dish,4.3,₹403,₹425,5% off
Rozatech Bread Mould,3.9,₹273,₹599,54% off
FLYNGO Cake Mould,4.2,₹759,₹999,24% off
"JALOPY Green Color Baking Measurement Cups And (Set of 8) Plastic Measuring Spoon Set, Multi Purpose Kitchen Tool Measuring Cup Set",4.2,₹189,₹499,62% off
ZMR OVERSEAS Measuring Cups And spoon Measuring Cup Set Measuring Cup,3.7,₹134,₹399,66% off
Kosh Cake Scrapper Baking Comb,4.4,₹151,₹320,52% off
RAJA MINI Weighing Scale,4.2,"₹2,659","₹4,999",46% off
JHTH Roster Papad Roti Stand Charcoal Stainless Steel Grill Roast Grill Stand Charcoal Hand Warmer Rack Stand Round Shape Size 8 Inch 1 kg Roaster,3.9,₹122,₹299,59% off
Hissler Cupcake/Muffin Mould,3.9,₹681,"₹1,799",62% off
"KITIKIN Silicone Flat Pastry Brush Silicone, fibre Flat Pastry Brush",4,₹157,₹299,47% off
Wefun Wefun Silicone Flat Pastry Brush,4.1,₹157,₹335,53% off
Jadebin Silicone Pastry Brush Baking Bake ware BBQ Cake Pastry Bread Oil Cream Cooking Silicon Flat Pastry Brush,4.4,₹112,₹399,71% off
WANQLYN Bread Mould,3.9,₹189,₹999,81% off
futurestyle Kitchen Silicon Flat Pastry Brush Silicon Flat Pastry Brush,4.2,₹175,₹499,64% off
Wishpool Electronic Kitchen Digital Weighing Scale - White Weighing Scale,4.3,₹379,₹999,62% off
THE JHON BAKER TUBELAR ACRYLIC 1KG Weighing Scale,3.3,₹122,₹599,79% off
THE JHON BAKER Bread Mould,4,₹284,₹499,43% off
Hitsware Chocolate Mould,3.7,₹255,₹899,71% off
"dhriyag Tandoor Channi, Grill Jalli, Barbeque Gas Grill 0.25 kg Roaster",4.3,₹189,₹349,45% off
"MAHADEV ENTERPRISE Electronic Digital Weight Scale Kitchen Weight Scale Machine Measure for measuring fruits,Spice,Food,Vegetable And More W-2 (Sf-400) Weighing Scale (White) Weighing Scale",4.2,₹474,₹899,47% off
STARDEEP SILICON Flat Pastry Brush,3.9,₹131,"₹1,059",87% off
"futurestyle SILICONE CAKE PASTRY BREAD BRUSH - For Cake Mixer, Decorating, Cooking, Baking, Glazing Silicone Flat Pastry Brush Silicone Pastry Brush Silicon Flat Pastry Brush (Pack of 1) Silicon Flat Pastry Brush",4,₹112,₹499,77% off
Shopelven Electronic Kitchen Scale Battery Operated White Weighing Scale,3.8,₹379,₹999,62% off
MSQUARE SUPPLIES Cake Mould,4.3,₹379,₹499,24% off
THE JHON BAKER 9 cm Flower Nail,4.3,₹198,₹499,60% off
"Gareeb Store Silicone Pastry Brush for Cake Mixer, Decorating, Cooking, Baking silicon Flat Pastry Brush",3.7,₹94,₹299,68% off
Kozycare Silicone Basting Spatula And Brush Kitchen Oil Cooking Baking plastic Silicone Flat Pastry Brush,3.3,₹109,₹229,52% off
"deepak Silicone Spatula And Pastry Brush Set - For Cake Mixer, Decorating, Cooking, Baking, Glazing silicon Pastry Brush ( Pack of 1, MULTICOLOR ) Silicon Flat Pastry Brush",3.7,₹157,₹299,47% off
"Paybox Silicone Spatula and Pastry Brush Set Special for Cake Mixer, Cooking, Baking, Glazing - Set of 1 (Multicolor) Silicon Flat Pastry Brush",3.9,₹113,₹199,43% off
Swarish Multi-Purpose Digital Kitchen Weighing Scale,4.3,₹379,₹699,45% off
Hervee Chocolate Mould,3.9,₹236,₹799,70% off
STEPHY Cake Mould,4,₹431,₹999,56% off
STEPHY Cake Mould,4,₹455,₹999,54% off
"Sanket Enterprise Multi Color Oil Brush - Basting Brush - Silicone Oil Brush - Perfect for BBQ, Grilling, Baking, Cooking, Glazing Silicone Flat Pastry Brush",3.8,₹154,₹599,74% off
"Femora Borosilicate Glass Square Baking Dish Microwave Safe, Oven Safe, 900ml, 1700ml, Set of 2 Baking Dish",4.1,"₹1,140","₹1,200",5% off
"Ajuss Steel Small Round Shape Roaster Grill for Gas | Stainless Steel Jali Roti, Roast Grill Papad, Roaster Paneer Tandoor Net 1 kg Roaster",3.8,₹180,₹459,60% off
KitchenFest SILICONE KITCHEN COOKING BRUSH FOR APPLYING BUTTER / OIL Silicone Flat Pastry Brush,3.8,₹109,₹299,63% off
THE JHON BAKER Cookie/Macroon tray,4.1,₹257,₹899,71% off
Unique Gadget Shopper52 Electronic Digital Kitchen Weighing Scale 10kg/1Kg For Kitchen Use Weighing Scale,4.3,₹379,₹999,62% off
MSQUARE SUPPLIES Cake Mould,4.3,₹376,₹499,24% off
AADCART Measuring Cups And spoon Measuring Cup Set,4,₹190,₹595,68% off
Chefstatr Baking Measurement Measuring Cups And Spoons Set 8 Pcs Measuring Cup,4.2,₹168,₹599,71% off
E-DEAL Digital 10 kg X 1 gm Kitchen Multi-Purpose Weighing Scale,3.8,₹379,₹699,45% off
Jades SILICONE SPATULA BRUSH Silicone Flat Pastry Brush,3.6,₹123,₹399,69% off
HomeSpecial UNI Sf 400 scale Weighing Scale,4.2,₹379,₹999,62% off
THE JHON BAKER Chocolate Mould,3.8,₹88,₹499,82% off
Hervee Chocolate Mould,3.9,₹170,₹699,75% off
Bekner Oil Cooking Baking Silicone Spatula and Pastry Brush Set for Cooking Multicolor silicon Flat Pastry Brush silicone Flat Pastry Brush,4,₹132,₹449,70% off
megalink Oil Cooking Pastry Brush Set for Cooking Multicolour silicon Flat Pastry Brush (Pack of 1) silicon Flat Pastry Brush,4.5,₹94,₹149,36% off
Renberg Cake Mould,4.3,₹291,₹330,11% off
Urban Style Emporium weight62 Weighing Scale,4,₹379,₹999,62% off
"BuyerHub Set of 4 Kitchen Silicon Flat Pastry Brush Silicon Oil Cooking Brush for Grilling,and BBQ Plastic Flat Pastry Brush",4,₹156,₹399,60% off
MSQUARE SUPPLIES Cupcake/Muffin Mould,3.4,₹566,₹599,5% off
Paybox Silicon 100% Food grade Flat Pastry Brush(pack of 1) Silicon Flat Pastry Brush,3.3,₹99,₹199,50% off
Femora Baking Pizza Pan Plate Stone Ware Coating Carbon Steel Non-Stick 26 cm Pizza Tray,3.7,₹760,₹800,5% off
KitchenFest Silicon 100% Food grade Silicone Flat Pastry Brush,4.2,₹109,₹299,63% off
Treo CORETTA DISH MICROWAVE OVAL DISH 750ML Baking Dish,3.9,₹361,₹385,6% off
Silico Basting Kitchen Cooking Utility Gadgets Silicone Flat Pastry Brush,4.1,₹93,₹299,68% off
MSQUARE SUPPLIES Cupcake/Muffin Mould,4.4,₹566,₹599,5% off
Paybox Silicon 100% Food grade Flat Pastry Brush(pack of 1) Silicon Flat Pastry Brush,4.3,₹99,₹199,50% off
Femora Baking Pizza Pan Plate Stone Ware Coating Carbon Steel Non-Stick 26 cm Pizza Tray,4,₹760,₹800,5% off
KitchenFest Silicon 100% Food grade Silicone Flat Pastry Brush,4,₹109,₹299,63% off
Treo CORETTA DISH MICROWAVE OVAL DISH 750ML Baking Dish,3.4,₹361,₹385,6% off
Silico Basting Kitchen Cooking Utility Gadgets Silicone Flat Pastry Brush,3.3,₹93,₹299,68% off
deepak Cooking Silicon Flat Pastry Brush (Pack of 1) Multicolor Silicon Flat Pastry Brush,3.7,₹109,₹499,78% off
Femora Carbon Steel ILAG Coating Baking Dish - 1.6 L - Set of 1 Baking Dish,4.2,₹427,₹450,5% off
Avk SILICONE Flat Pastry Brush,3.9,₹109,₹299,63% off
Verity SF400 Weighing Scale,4.1,₹379,₹999,62% off
Femora Baking Non-Stick Coated Loaf Pan for Breads Baking Comb,3.4,₹380,₹400,5% off
THE JHON BAKER Bread Mould,3.9,₹426,₹899,52% off
Detly Food Grade Silicon Ice Chocolate Jelly Cake Making Mould Tray For Kitchen Bakeware 15 Slots Star Shape Random Designe Chocolate Mould,3.7,₹170,₹699,75% off
THE JHON BAKER Cupcake/Muffin Mould,4.5,₹281,₹299,6% off
"Shivshakti Kitchenware Set of 2 Kitchen Silicon Flat Pastry Brush Multi Purpose Silicon Oil Cooking Brush for Grilling, Tandoor and (Multi Color Pak Of 2,Pis) Silicon Flat Pastry Brush",4.7,₹151,₹599,74% off
Raienterprises Brush Kitchen Tool Cooking Utensil silicone brush Silicon Flat Pastry Brush,3.6,₹112,₹299,62% off
Ghazi silicone Flat Pastry Brush,4.8,₹96,₹299,67% off
Femora Baking Cupcake Muffin Tray Cupcake/Muffin Mould,3.6,₹570,₹600,5% off
Nilzone Silicone Brush Baking Tools Glass Oil Pot Brush Heat Resisting Kitchen Tool Grill Oil Bottle Brushes Roast Meat Silicone Round Pastry Brush,3.7,₹441,₹599,26% off
Femora Baking Decor Pen,3.9,₹427,₹450,5% off
"deepak SILICONE CAKE PASTRY BREAD BRUSH - For Cake Mixer, Decorating, Cooking, Baking, Glazing Silicone Flat Pastry Brush Silicone Pastry Brush Silicon Flat Pastry Brush",3.1,₹109,₹749,85% off
Infinity Tradelink Food Grade Silicon Ice Chocolate Jelly Cake Making Mould Tray For Kitchen Bakeware 30 Slots Star Shape Random Designe Chocolate Mould,3.7,₹236,₹799,70% off
PRAMUKH Green Measuring Cup Set,3.5,₹94,₹499,81% off
"Raienterprises Silicone Spatula And Pastry Brush Set - For Cake Mixer, Decorating, Cooking, Baking, Glazing silicon Flat Pastry Brush Silicon Flat Pastry Brush",4,₹109,₹399,72% off
Deziine Set of 2 Heat Resistant OIL Basting Silicone Pastry for Grilling Camping Silicon Flat Pastry Brush,4.1,₹112,₹299,62% off
Paybox Silicone Spatula and Pastry Brush Set Special for Cake Mixer Silicon Flat Pastry Brush,4.3,₹160,₹359,55% off
"Kreation Silicone Spatula and Pastry Brush Set Special for Cake Mixer, Grilling, Tandoor, Cooking, Baking, Glazing, BBQ, Oil Brush for Cooking Silicon, Oil Brush for Kitchen Use, Set of 1 Silicon Flat Pastry Brush",4.2,₹137,₹299,54% off
KitchenFest Silicon Oil Brush/Flat Pastry Brush/Non-Stick Cooking & Baking Flat Pastry Brush Oil Brush Silicone Flat Pastry Brush,3.9,₹113,₹299,62% off
SG Retail Collection Silicone Flat Pastry Brush,4.3,₹94,₹129,27% off
"KitchenFest Silicone Bating Brush for Cooking, Baking,Cake Mixer, Glazing and Barbecue Silicone Flat Pastry Brush",4.1,₹141,₹399,64% off
PRAMUKH measuring cup green Measuring Cup Set,3,₹94,₹499,81% off
Mahadev Traders Silicone Basting Spatula And Brush Kitchen Oil Cooking Baking plastic Silicon Flat Pastry Brush,3.8,₹109,₹299,63% off
deepak Silicon Oil o Silicon Flat Pastry Brush,3.5,₹109,₹299,63% off
AD Global Kitchen Queen Electronic Digital 10 Kg Weight Scale Weighing Scale,4,₹379,₹999,62% off
ChinuStyle Silicon Flat Pastry Brush,3.6,₹112,₹299,62% off
Harsh Impex HIMC01 Measuring Cup Set,4.2,₹190,₹591,67% off
Pitambara Stainless Steel Roaster Chapati Grill Jali Roti Roast Grill Papad Roaster Premium Quality 2 kg Roaster,3.9,₹246,₹399,38% off
Infinity Tradelink Silicon Ice Chocolate Jelly Cake Making Mould Tray For Kitchen Bakeware 15 Slots Star Shape Designe Chocolate Mould,3.8,₹170,₹699,75% off
Raienterprises Brush Tool Silicone Brush for Cooking Silicon Flat Pastry Brush,3.2,₹94,₹299,68% off
REVOLUTION Revolution Brush/Flat Pastry Brush/Non-Stick Cooking & Baking Flat Pastry Brush Oil Brush Kitchen Silicon Oil Tool Silicon Silicon Flat Pastry Brush,4.3,₹99,₹249,60% off
Amos Chocolate Mould,3.9,₹398,₹799,50% off
Kichdraw 8 Pcs Measuring Cups Measuring Cup Set,4.3,₹189,₹659,71% off
Amos Chocolate Mould,3.2,₹149,₹499,70% off
Saikara Collection Brush/Flat Pastry Brush/Non-Oil Tool Silicon Flat Pastry Brush_01 Rubber Flat Pastry Brush,4.3,₹109,₹299,63% off
Vigyat Enterprise Silicone Spatula & Pastry Brush Silicone Flat Pastry Brush,4,₹99,₹299,66% off
Hervee Chocolate Mould,3.3,₹331,₹899,63% off
THE JHON BAKER Fondant & Gum paste Mould,4.2,₹170,₹499,65% off
THE JHON BAKER Pastry Cutter,3.4,₹153,₹499,69% off
KitchenFest Non-Stick Cooking & Baking Flat Pastry Brush Oil Brush Kitchen Silicon Oil Tool Kitchen Tool Set Silicone Flat Pastry Brush,3.6,₹156,₹399,60% off
Infinity Tradelink Chocolate Mould,4,₹426,₹999,57% off
Detly Chocolate Mould,4.3,₹331,₹799,58% off
Mopslik Silicone Flat Pastry Brush,5,₹189,₹399,52% off
URBAN AMOR Chocolate Mould,4.4,₹217,₹999,78% off
Vastly Cake Mould,3.5,₹245,₹449,45% off
Renberg Cupcake/Muffin Mould,4.1,₹455,₹585,22% off
Rozatech Bread Mould,4.6,₹349,₹599,41% off
Hervee Silicone Round Pastry Brush,3.8,₹249,₹699,64% off
Detly Chocolate Mould,3.6,₹421,₹999,57% off
JSPM Chocolate Mould,4.3,₹236,₹249,5% off
Skylight SKYL689 Recipe Measuring Cups & Spoons Set (8 Cup) Measuring Cup Set,4,₹190,₹789,75% off
"KitchenFest Premium Silicone Cake Pastry Bread Brush - For Cake Mixer, Decorating, Cooking, Baking, Glazing Silicone Flat Pastry Brush",3.6,₹151,₹399,62% off
Rozatech Baking Decor Pen,5,₹206,₹299,31% off
Detly Chocolate Mould,4.6,₹231,₹699,66% off
Saikara Collection Brush/Non-Stick Spatula Cooking & Baking Flat Pastry Brush Rubber Flat Pastry Brush,3.2,₹109,₹299,63% off
"Starpro Butter&oil brush Silicone, Plastic Flat Pastry Brush",4.3,₹152,₹349,56% off
Milestouch Exim Silicone Pastry Frame,3.3,₹122,₹145,15% off
THE JHON BAKER Fondant Tool Kit,3.3,₹213,₹499,57% off
Dhuli 12 Pcs Cake Nozzel Stainless Steel Round Icing Nozzle,3.2,₹284,₹999,71% off
PRAMUKH Black Measuring Cup Set,4,₹84,₹499,83% off
ladila Cake Mould,3.8,₹948,"₹1,450",34% off
Femora Carbon Steel Ware Non-Stick Coated Rectangle Baking Loaf Pan for Breads Baking Comb,4,₹760,₹800,5% off
"Pitambara Pack of 2 Stainless Steel Round Shape Roaster Grill for Gas | Stainless Steel Jali Roti, Roast Grill Papad, Roaster Paneer Tandoor Net, (Diameter-24 cm & 20cm Silver) 2 kg Roaster",3.5,₹312,₹799,60% off
Amos Chocolate Mould,3.9,₹102,₹299,65% off
KITCHENCAKE 1 OIl Brush & Saptula Silicon Brush Saptula Flat Pastry Brush,3.6,₹156,₹199,21% off
Amos Cake Mould,3,₹142,₹299,52% off
THE JHON BAKER 20 cm Cake Cake Stand,3.9,"₹1,091","₹1,799",39% off
Amos Cookie/Macroon tray,3.6,₹418,₹999,58% off
"AARVIB Measuring Cups and Spoons / Measuring Cups for Baking Cake, Cake Baking. Measuring Spoons and Cups Set, Multi Purpose Kitchen Tool Measuring Cup Set",3,₹171,₹199,14% off
Bekner Oil Cooking Baking Silicone Spatula and Pastry Brush Set for Cooking Multicolor silicon Flat Pastry Brush-002 silicone Flat Pastry Brush,3.9,₹147,₹449,67% off
goldcave silicon Flat Pastry Brush,4.7,₹99,₹299,66% off
VICHARAN Stainless Steel Cookie Cutter for Bakeware Decorating Cookie Cutter,3.5,₹208,₹999,79% off
Elite Store Pack Of 6 Pieces Cake Baking Cooking Measurement Cups Plastic Measuring Spoon Set Plastic Measuring Spoon Set,4.4,₹133,₹299,55% off
MSQUARE SUPPLIES Cupcake/Muffin Mould,4,₹296,₹699,57% off
Amos Chocolate Mould,4.2,₹284,₹599,52% off
Detly Food Grade Silicon Ice Chocolate Jelly Cake Making Mould Tray For Kitchen Bakeware 60 Slots Star Shape Random Designe Chocolate Mould,3.9,₹426,₹999,57% off
"BORYS Silicone Spatula and Pastry Brush Set for Cake, Mixer, Decorating, Cooking, Baking SILICONE Flat Pastry Brush",4.2,₹141,₹399,64% off
Amos Chocolate Mould,4.9,₹118,₹299,60% off
"vastly Silicon Spatula and Pastry Brush Set Special for Cake Mixer, Cooking, Baking, Glazing Silicon Flat Pastry Brush",4.5,₹156,₹399,60% off
"Ramani Enterprises Bakeware 3pcs Plastic Cake Icing Smoother Dough Scraper Cutter, Chopper, Icing Fondant Designing Cake Decorating Pastry Baking Tool Baking Smoother & Polisher",4,₹141,"₹1,299",89% off
Amos Cake Mould,3.8,₹332,₹799,58% off
Amos Cupcake/Muffin Mould,3.6,₹360,₹499,27% off
MSQUARE SUPPLIES Cupcake/Muffin Mould,3.5,₹281,₹499,43% off
Rozatech Cake Mould,4.5,₹626,₹999,37% off
V SURZ MEASURING CUPS AND SPOONS Measuring Cup Set,4.3,₹190,₹399,52% off
skycandle.in kitchen weighting scale Weighing Scale,3.9,₹379,₹749,49% off
Chalowkart Electronic Kitchen Scale Weighing Scale,3.5,₹379,₹999,62% off
Trisha 7kg Electronic Kitchen Weighing Scale,3.9,₹379,₹799,52% off
Femora Cupcake/Muffin Mould,3.5,₹427,₹450,5% off
Dealcrox SF-400 Weighing Scale,3.9,₹379,₹549,30% off
Amos Cake Mould,3.9,₹280,₹599,53% off
MDV Cake Mould,4.2,₹426,₹899,52% off
Stephy Cake Mould,4.5,₹474,₹899,47% off
Wonder World ® 10kg Electronic LCD Kitchen Machine Weighing Scale,4.3,"₹1,324","₹3,999",66% off
Amos Cupcake/Muffin Mould,3.5,₹261,₹349,25% off
MobFest Oil Brush for Cooking Silicone Flat Pastry Brush Silicone Flat Pastry Brush,3.8,₹152,₹399,61% off
Jazam 10kg Electronic Digital Kitchen Weighing Scale SF400 Weighing Scale,4.5,₹379,₹999,62% off
KitchenFest Ultra Silicone Flat Pastry Brush,4.6,₹109,₹299,63% off
MSQUARE SUPPLIES Cake Mould,3.7,₹243,"₹1,099",77% off
S2S 7kg Electronic Kitchen Weighing Scale,3.8,₹379,₹999,62% off
Jazam 10kg Electronic Digital Kitchen Weighing Scale SF401 Weighing Scale,3.8,₹379,"₹1,599",76% off
KitchenFest Silicon Brush for Kitchen Silicone Flat Pastry Brush,3.7,₹113,₹299,62% off
Raienterprises silicone barbecue brush Silicon Flat Pastry Brush,2,₹94,₹299,68% off
MSQUARE SUPPLIES Cupcake/Muffin Mould,3.5,₹338,"₹1,099",69% off
futurestyle x Cooking Non-Stick Flat Pastry Brush Silicon Flat Pastry Brush,3.3,₹109,₹359,69% off
E-DEAL Electronic Kitchen 7Kg Weighing Scale,3.9,₹379,₹749,49% off
deepak Silicone Basting Spatula And Brush Kitchen Oil Cooking Baking plastic Pastry Brush (Multicolor) Silicon Flat Pastry Brush,3.5,₹153,₹459,66% off
KitchenFest 1pcs- Silicone Pastry Brush Silicon Flat Pastry Brush Silicone Flat Pastry Brush,3.8,₹113,₹299,62% off
Snanyatra Cosmetic Cake Mould,3.5,₹284,₹699,59% off
Amos Cupcake/Muffin Mould,4.7,₹331,₹749,55% off
Amos Bread Mould,3.8,₹759,₹999,24% off
Zoyrow Cooking Brushess Silicon Flat Pastry Brush ( pack of 2) Silicon Flat Pastry Brush,4.1,₹113,₹499,77% off
ladila 18 cm Cake Dowel and Pillar,3.9,"₹1,661","₹1,999",16% off
THE JHON BAKER Fondant Tool Kit,3.7,₹274,₹799,65% off
